{
    "timestamp": "2025-07-17 21:54:50",
    "qubit_count": 4,
    "shot_count": 1024,
    "class_labels": [
        "healthy",
        "diseased"
    ],
    "heart_data_path": "heartdata.csv",
    "test_size": 0.3,
    "random_state": 42,
    "optimizer": "CMA-ES",
    "optimizer_iterations": 15,
    "cma_popsize": 20,
    "use_real_backend": false,
    "backend": "aer_simulator_from(ibm_aachen)",
    "region": "eu-de",
    "test_iterations": 3,
    "mean_accuracy": 0.553,
    "std_deviation": 0.0473,
    "confidence_interval": [
        0.4355,
        0.6706
    ],
    "cost_list": [
        0.7829223230171937,
        0.8053833151071674,
        0.7563019650635161,
        0.8257094277216805,
        0.8075064486075585,
        0.7832644558505932,
        0.758793380416062,
        0.8262356596972735,
        0.7269097068633272,
        0.7993926474922886,
        0.7664915442233883,
        0.848527597659937,
        0.7409541515999634,
        0.861220405072495,
        0.8669965566579119,
        0.70421760796047,
        0.7341254031283992,
        0.7220127505497718,
        0.7556398883817385,
        0.833289455301856,
        0.7836567804500891,
        0.8054142348777925,
        0.7020302411804387,
        0.7249162038710147
    ]
}