{
    "timestamp": "2025-07-17 22:41:03",
    "qubit_count": 4,
    "shot_count": 1024,
    "class_labels": [
        "healthy",
        "diseased"
    ],
    "heart_data_path": "heartdata.csv",
    "test_size": 0.3,
    "random_state": 42,
    "optimizer": "COBYLA",
    "optimizer_iterations": 80,
    "cma_popsize": null,
    "use_real_backend": false,
    "backend": "aer_simulator_from(ibm_aachen)",
    "region": "eu-de",
    "test_iterations": 30,
    "mean_accuracy": 0.6992,
    "std_deviation": 0.0088,
    "confidence_interval": [
        0.6959,
        0.7025
    ],
    "cost_list": [
        0.7905308956969805,
        0.753252507608871,
        0.7825984629835354,
        0.7544534835374948,
        0.6572775977975267,
        0.7541892829360887,
        0.6580371012653309,
        0.6355696266909093,
        0.7524823868048758,
        0.6330799765215052,
        0.6322895536923617,
        0.6321964962688701,
        0.6320681045488357,
        0.6345798744426941,
        0.6345847270050949,
        0.6350463705413825,
        0.6299906410496056,
        0.6966177259670118,
        0.793506356859476,
        0.5456579985669047,
        0.5293729515945641,
        0.5167042869050298,
        0.4941703723712486,
        0.5285722246488802,
        0.6170016360600069,
        0.4992221339492559,
        0.6406448164827963,
        0.49693369971561485,
        0.5007107759259132,
        0.5014416911769586,
        0.48273464546828365,
        0.48316473528496284,
        0.4921646427818999,
        0.48463680690023125,
        0.4872676837898692,
        0.48487989068724785,
        0.518066040083462,
        0.47734387135262973,
        0.4835941535971183,
        0.47172294306214424,
        0.48348724549122796,
        0.49899340510631346,
        0.5359752637481761,
        0.46555193087837277,
        0.49084607672708586,
        0.4847262798338391,
        0.4671820731004735,
        0.46992461207984326,
        0.47601708987011854,
        0.4619369224607542,
        0.475716733433814,
        0.4704586202225226,
        0.46749418704421236,
        0.463599783568077,
        0.45927774184765974,
        0.45989850426784123,
        0.493844936287987,
        0.44954527955069007,
        0.46626160915103504,
        0.45712087737050233,
        0.45243241368941794,
        0.45884157718662694,
        0.4607698621247554,
        0.462849929507547,
        0.4593170344180574,
        0.4563981995877822,
        0.45533458103952035,
        0.46800083354291033,
        0.4602287048304012,
        0.4587667292373318,
        0.46436281948623825,
        0.4503671132011039,
        0.45517811134158787,
        0.45664335509742443,
        0.4573754838240213,
        0.4482100025591931,
        0.44725303465759264,
        0.44786100775307275,
        0.4510578061543251,
        0.45738498976891817
    ]
}