{
    "timestamp": "2025-07-17 22:20:25",
    "qubit_count": 4,
    "shot_count": 1024,
    "class_labels": [
        "healthy",
        "diseased"
    ],
    "heart_data_path": "heartdata.csv",
    "test_size": 0.3,
    "random_state": 42,
    "optimizer": "COBYLA",
    "optimizer_iterations": 60,
    "cma_popsize": null,
    "use_real_backend": false,
    "backend": "aer_simulator_from(ibm_aachen)",
    "region": "eu-de",
    "test_iterations": 30,
    "mean_accuracy": 0.8121,
    "std_deviation": 0.0077,
    "confidence_interval": [
        0.8092,
        0.815
    ],
    "cost_list": [
        0.7983716876059866,
        0.7558563432633437,
        0.7767496369754749,
        0.755173611529717,
        0.7052271152524002,
        0.6827099036399052,
        0.7583240186764779,
        0.7383497360542951,
        0.723172894415337,
        0.6844342388475171,
        0.680760932895834,
        0.6864448407039755,
        0.6810322406332079,
        0.6849954125888461,
        0.6864687223968959,
        0.6836825763258547,
        0.6790698126558279,
        0.6050947668171751,
        0.5661345222847953,
        0.5633533647683556,
        0.6086748727645644,
        0.617995925394501,
        0.5350546433226655,
        0.5471997397433835,
        0.5236879343534161,
        0.5853678361902942,
        0.5281996303602734,
        0.7365937948737404,
        0.5271728602086831,
        0.5302514318076644,
        0.5221535143972051,
        0.5170233987230561,
        0.517463210614267,
        0.5156947414064644,
        0.5480227162383619,
        0.5155417057143381,
        0.6137611315825607,
        0.4783785795716642,
        0.5596341187760484,
        0.5016188828949468,
        0.49479267898057455,
        0.4825085022543472,
        0.5060874867429652,
        0.5391199224349865,
        0.566025779679157,
        0.48174471049372053,
        0.48711673837460745,
        0.4821411532814513,
        0.4503510740342964,
        0.5849393024410229,
        0.4523883310982887,
        0.5841212994171476,
        0.4441835515686118,
        0.5458820976795499,
        0.4450453119993989,
        0.4762374675240269,
        0.46294079295343665,
        0.4782763888281773,
        0.48146345979724503,
        0.4388701934290939
    ]
}